0.0,0.002069711685180664,0.8006433248519897,0.0,-0.056804951280355453,0.05725697129964829
0.001669449081803005,0.005976080894470215,0.7836548089981079,0.0,-0.054788101464509964,0.05573386226800925
0.00333889816360601,0.009797453880310059,0.7693537473678589,0.0,-0.05294144153594971,0.05451257066841615
0.005008347245409015,0.01353466510772705,0.7572731971740723,0.0,-0.051236044615507126,0.053535489356751634
0.00667779632721202,0.01718902587890625,0.7470197677612305,0.0,-0.04964802786707878,0.05275577131739642
0.008347245409015025,0.02076101303100586,0.7382616996765137,0.0,-0.04815787449479103,0.05213508443076642
0.01001669449081803,0.02425229549407959,0.7307183742523193,0.0,-0.04674942418932915,0.05164182705925979
0.011686143572621035,0.027663707733154297,0.7241535186767578,0.0,-0.04540940746665001,0.051249957188516104
0.01335559265442404,0.03099656105041504,0.7183618545532227,0.0,-0.04412677884101868,0.050937253089376
0.015025041736227046,0.03425133228302002,0.7131742238998413,0.0,-0.04289257153868675,0.05068565455447254
0.01669449081803005,0.03742945194244385,0.7084493637084961,0.0,-0.041699595749378204,0.05048025818743769
0.018363939899833055,0.04053211212158203,0.7040668725967407,0.0,-0.04054184630513191,0.05030848740822385
0.02003338898163606,0.043560147285461426,0.6999305486679077,0.0,-0.03941471874713898,0.050160354341011806
0.021702838063439065,0.04651463031768799,0.6959646940231323,0.0,-0.03831462562084198,0.05002806716861331
0.02337228714524207,0.04939675331115723,0.6921086311340332,0.0,-0.037238746881484985,0.04990541732221693
0.025041736227045076,0.052207350730895996,0.6883186101913452,0.0,-0.03618500754237175,0.049787962020612725
0.02671118530884808,0.054947733879089355,0.6845605373382568,0.0,-0.03515185788273811,0.04967226505602939
0.028380634390651086,0.05761885643005371,0.6808174848556519,0.0,-0.03413835167884827,0.04955665377312292
0.03005008347245409,0.060221195220947266,0.6770764589309692,0.0,-0.03314375504851341,0.04943985598525639
0.03171953255425709,0.06275641918182373,0.6733384132385254,0.0,-0.03216773271560669,0.04932203337002875
0.0333889816360601,0.06522488594055176,0.6696035861968994,0.0,-0.031210029497742653,0.04920325335519441
0.035058430717863104,0.06762778759002686,0.6658827066421509,0.0,-0.030270637944340706,0.0490846447037138
0.03672787979966611,0.06996631622314453,0.6621886491775513,0.0,-0.02934955805540085,0.04896754945141695
0.038397328881469114,0.07224094867706299,0.6585363149642944,0.0,-0.028446849435567856,0.04885348751674561
0.04006677796327212,0.07445299625396729,0.6549443006515503,0.0,-0.02756267972290516,0.04874434389659082
0.041736227045075125,0.07660305500030518,0.6514284610748291,0.0,-0.026696989312767982,0.048641717113019636
0.04340567612687813,0.07869219779968262,0.6480095386505127,0.0,-0.02584991231560707,0.048547672466973536
0.045075125208681135,0.08072137832641602,0.6447039842605591,0.0,-0.025021368637681007,0.048463839214164556
0.04674457429048414,0.08269095420837402,0.6415292024612427,0.0,-0.024211328476667404,0.04839193098812997
0.048414023372287146,0.08460235595703125,0.6384987831115723,0.0,-0.0234195776283741,0.048333269149338665
0.05008347245409015,0.0864558219909668,0.6356287002563477,0.0,-0.022645985707640648,0.04828940490867091
0.05175292153589316,0.08825302124023438,0.6329315900802612,0.0,-0.02189028635621071,0.04826155904375751
0.05342237061769616,0.08999431133270264,0.6304160356521606,0.0,-0.021152155473828316,0.04825054553052868
0.05509181969949917,0.09168052673339844,0.6280920505523682,0.0,-0.020431235432624817,0.04825732698399754
0.05676126878130217,0.09331238269805908,0.625964879989624,0.0,-0.019727114588022232,0.04828238936828353
0.05843071786310518,0.09489071369171143,0.6240403652191162,0.0,-0.019039370119571686,0.048326297064866866
0.06010016694490818,0.09641635417938232,0.6223211288452148,0.0,-0.018367528915405273,0.04838929091376534
0.06176961602671119,0.09789025783538818,0.6208078861236572,0.0,-0.017711089923977852,0.04847143741141078
0.06343906510851419,0.09931313991546631,0.6195001602172852,0.0,-0.017069552093744278,0.04857269464828733
0.0651085141903172,0.10068583488464355,0.6183962821960449,0.0,-0.01644238643348217,0.0486929141715766
0.0667779632721202,0.10200881958007812,0.6174933910369873,0.0,-0.015829088166356087,0.04883183744613187
0.06844741235392321,0.10328304767608643,0.6167856454849243,0.0,-0.015229109674692154,0.04898892011390828
0.07011686143572621,0.10450959205627441,0.6162675619125366,0.0,-0.01464193407446146,0.04916366158902197
0.07178631051752922,0.10568881034851074,0.6159329414367676,0.0,-0.014067079871892929,0.04935549786252176
0.07345575959933222,0.10682141780853271,0.615774393081665,0.0,-0.013504020869731903,0.04956375316674751
0.07512520868113523,0.10790836811065674,0.6157824993133545,0.0,-0.012952287681400776,0.04978755531810809
0.07679465776293823,0.10895025730133057,0.6159486770629883,0.0,-0.012411396950483322,0.05002611669710214
0.07846410684474124,0.10994815826416016,0.6162631511688232,0.0,-0.011880927719175816,0.050278534945287126
0.08013355592654424,0.11090242862701416,0.6167161464691162,0.0,-0.011360445991158485,0.05054390751795598
0.08180300500834725,0.11181378364562988,0.6172975301742554,0.0,-0.010849546641111374,0.050821291916663194
0.08347245409015025,0.11268305778503418,0.617996335029602,0.0,-0.010347839444875717,0.051109666573676674
0.08514190317195326,0.11351096630096436,0.6188015937805176,0.0,-0.009854981675744057,0.05140799762780634
0.08681135225375626,0.11429810523986816,0.6197021007537842,0.0,-0.00937061756849289,0.051715231008162235
0.08848080133555927,0.11504530906677246,0.6206876039505005,0.0,-0.008894463069736958,0.05203039255133132
0.09015025041736227,0.11575305461883545,0.6217470169067383,0.0,-0.008426211774349213,0.052352426975704296
0.09181969949916528,0.11642229557037354,0.6228692531585693,0.0,-0.007965597324073315,0.05268026819633001
0.09348914858096828,0.11705362796783447,0.6240438222885132,0.0,-0.007512378040701151,0.05301290270141661
0.0951585976627713,0.11764729022979736,0.6252598762512207,0.0,-0.007066315971314907,0.053349269062625826
0.09682804674457429,0.11820435523986816,0.6265078783035278,0.0,-0.006627225782722235,0.053688434327568535
0.0984974958263773,0.11872518062591553,0.6277776956558228,0.0,-0.006194907706230879,0.05402940174825926
0.1001669449081803,0.11921095848083496,0.6290591955184937,0.0,-0.005769192706793547,0.054371153202859415
0.10183639398998331,0.11966145038604736,0.6303437948226929,0.0,-0.005349935032427311,0.05471282810274394
0.10350584307178631,0.12007772922515869,0.631622314453125,0.0,-0.004936988465487957,0.055053503646939776
0.10517529215358933,0.12046051025390625,0.632886528968811,0.0,-0.004530246835201979,0.055392334613644324
0.10684474123539232,0.12081027030944824,0.634128212928772,0.0,-0.004129587206989527,0.055728480670498515
0.10851419031719532,0.12112748622894287,0.635339617729187,0.0,-0.0037349113263189793,0.05606113473335919
0.11018363939899833,0.12141275405883789,0.6365143060684204,0.0,-0.0033461321145296097,0.05638962727442745
0.11185308848080133,0.1216665506362915,0.6376450061798096,0.0,-0.0029631901998072863,0.056713191326280034
0.11352253756260434,0.12188947200775146,0.6387256383895874,0.0,-0.0025860087480396032,0.05703118415992514
0.11519198664440734,0.12208223342895508,0.6397509574890137,0.0,-0.0022145083639770746,0.05734304742419623
0.11686143572621036,0.1222454309463501,0.6407147645950317,0.0,-0.0018486652988940477,0.057648110718179484
0.11853088480801335,0.12237894535064697,0.6416128873825073,0.0,-0.0014884094707667828,0.057945923561145564
0.12020033388981637,0.12248408794403076,0.6424412727355957,0.0,-0.0011337143369019032,0.058236041002092925
0.12186978297161936,0.12256085872650146,0.6431959867477417,0.0,-0.0007845293148420751,0.05851802915529634
0.12353923205342238,0.12260973453521729,0.6438730955123901,0.0,-0.0004408273671288043,0.05879145738883884
0.12520868113522537,0.12263143062591553,0.6444703340530396,0.0,-0.00010256619862047955,0.059056067703811804
0.12687813021702837,0.1226264238357544,0.6449848413467407,3.0350931410794146e-05,0.00023027986753731966,0.058760625411750894
0.1285475792988314,0.12259495258331299,0.6454150676727295,0.00017789905541576445,0.0005577448173426092,0.05822390989210568
0.1302170283806344,0.12253737449645996,0.645757794380188,0.00044241765863262117,0.0008798473281785846,0.05769080772360621
0.1318864774624374,0.12245452404022217,0.6460132598876953,0.0008179493597708642,0.0011966313468292356,0.05716102170957741
0.1335559265442404,0.12234640121459961,0.6461800336837769,0.0012987935915589333,0.0015081219607964158,0.05663412536248777
0.13522537562604342,0.12221407890319824,0.6462569236755371,0.0018795070936903358,0.0018143467605113983,0.05610971565831388
0.13689482470784642,0.12205731868743896,0.6462445259094238,0.0025548948906362057,0.0021153376437723637,0.05558758131488816
0.13856427378964942,0.12187671661376953,0.6461421251296997,0.003320032963529229,0.002411136869341135,0.055067360920844
0.14023372287145242,0.1216726303100586,0.6459503173828125,0.0041701532900333405,0.002701761666685343,0.05454889362513124
0.14190317195325544,0.1214454174041748,0.6456694602966309,0.005100783426314592,0.0029872586019337177,0.05403193998471593
0.14357262103505844,0.12119579315185547,0.6453003883361816,0.0061076548881828785,0.0032676709815859795,0.05351632772820484
0.14524207011686144,0.12092375755310059,0.644844651222229,0.007186636328697205,0.003543027676641941,0.053002011081093425
0.14691151919866444,0.12062978744506836,0.6443027257919312,0.008333892561495304,0.003813382238149643,0.052488778540025
0.14858096828046746,0.12031435966491699,0.6436765193939209,0.009545687586069107,0.004078772850334644,0.05197661895241173
0.15025041736227046,0.11997747421264648,0.6429669857025146,0.01081844326108694,0.004339232575148344,0.05146544251547434
0.15191986644407346,0.11961984634399414,0.6421765089035034,0.012148934416472912,0.00459483964368701,0.05095522319874688
0.15358931552587646,0.11924147605895996,0.6413066387176514,0.01353384368121624,0.004845617804676294,0.05044597930271795
0.15525876460767948,0.11884284019470215,0.6403592824935913,0.01497015543282032,0.005091625731438398,0.04993770277144727
0.15692821368948248,0.11842453479766846,0.6393368244171143,0.01645505428314209,0.0053329309448599815,0.04943041982166532
0.15859766277128548,0.11798655986785889,0.6382412910461426,0.017985789105296135,0.0055695874616503716,0.04892416304966221
0.16026711185308848,0.11752915382385254,0.6370745897293091,0.01955963671207428,0.005801634397357702,0.04841899061653272
0.16193656093489148,0.11705267429351807,0.6358394622802734,0.021174218505620956,0.006029150448739529,0.047914984897758583
0.1636060100166945,0.11655747890472412,0.6345380544662476,0.022827114909887314,0.006252186838537455,0.047412219654087706
0.1652754590984975,0.1160440444946289,0.6331727504730225,0.02451610192656517,0.006470809690654278,0.04691077055547928
0.1669449081803005,0.11551201343536377,0.6317456960678101,0.026239104568958282,0.006685088388621807,0.04641069152551036
0.1686143572621035,0.11496222019195557,0.6302599906921387,0.027994006872177124,0.006895080208778381,0.0459121792129426
0.17028380634390652,0.11439478397369385,0.6287171840667725,0.02977895550429821,0.007100855931639671,0.04541522975278729
0.17195325542570952,0.11380994319915771,0.6271204948425293,0.03159204497933388,0.007302477490156889,0.04492005301858664
0.17362270450751252,0.11320805549621582,0.625471830368042,0.03343158960342407,0.00750001659616828,0.0444266922237081
0.17529215358931552,0.11258900165557861,0.6237736940383911,0.03529601916670799,0.0076935505494475365,0.043935254563380016
0.17696160267111855,0.11195337772369385,0.622028112411499,0.037183597683906555,0.007883126847445965,0.043445861808029014
0.17863105175292154,0.11130142211914062,0.6202377080917358,0.03909299522638321,0.00806883443146944,0.04295861835891571
0.18030050083472454,0.11063313484191895,0.618404746055603,0.041022635996341705,0.008250726386904716,0.04247367425210687
0.18196994991652754,0.10994899272918701,0.616531252861023,0.042971327900886536,0.008428884670138359,0.04199108098974088
0.18363939899833057,0.10924911499023438,0.6146200895309448,0.04493774473667145,0.008603379130363464,0.041511026792110065
0.18530884808013356,0.10853350162506104,0.6126726865768433,0.04692063480615616,0.008774270303547382,0.041033558039078634
0.18697829716193656,0.1078026294708252,0.6106914281845093,0.04891885444521904,0.008941629901528358,0.04055880343942641
0.18864774624373956,0.1070566177368164,0.6086782217025757,0.05093134567141533,0.009105529636144638,0.040086844018217375
0.1903171953255426,0.10629570484161377,0.6066350936889648,0.052957143634557724,0.009266042150557041,0.039617763873880024
0.19198664440734559,0.10552000999450684,0.6045640707015991,0.05499511584639549,0.009423227980732918,0.039151698327584444
0.19365609348914858,0.10472965240478516,0.6024668216705322,0.05704439431428909,0.00957715418189764,0.03868870558699155
0.19532554257095158,0.10392498970031738,0.6003456115722656,0.059104073792696,0.009727892465889454,0.03822891817930371
0.1969949916527546,0.10310626029968262,0.5982016324996948,0.06117340922355652,0.00987551175057888,0.03777234048173703
0.1986644407345576,0.10227334499359131,0.5960366725921631,0.06325148791074753,0.010020068846642971,0.037319083880471414
0.2003338898163606,0.10142683982849121,0.5938526391983032,0.06533756107091904,0.010161630809307098,0.03686924448799659
0.2020033388981636,0.10056650638580322,0.5916508436203003,0.06743095070123672,0.010300264693796635,0.03642285974348004
0.20367278797996663,0.0996929407119751,0.5894328355789185,0.0695309191942215,0.01043602917343378,0.03598000368706646
0.20534223706176963,0.09880590438842773,0.587200403213501,0.0716368779540062,0.010568993166089058,0.035540760975977866
0.20701168614357263,0.09790551662445068,0.5849542617797852,0.07374827563762665,0.010699216276407242,0.03510510367053703
0.20868113522537562,0.0969923734664917,0.582696795463562,0.0758642926812172,0.01082675252109766,0.034673231818832966
0.21035058430717865,0.09606623649597168,0.5804277658462524,0.07798457145690918,0.010951658710837364,0.034245001438395664
0.21202003338898165,0.09512758255004883,0.5781497955322266,0.08010856062173843,0.011074007488787174,0.03382060130831097
0.21368948247078465,0.0941762924194336,0.5758637189865112,0.08223569393157959,0.011193845421075821,0.033400048844311046
0.21535893155258765,0.09321272373199463,0.5735700130462646,0.08436551690101624,0.011311224661767483,0.03298330623469936
0.21702838063439064,0.09223675727844238,0.571270227432251,0.08649767935276031,0.011426212266087532,0.03257043690254324
0.21869782971619367,0.09124875068664551,0.5689655542373657,0.08863166719675064,0.011538856662809849,0.032161499055503605
0.22036727879799667,0.090248703956604,0.5666568279266357,0.09076708555221558,0.011649210005998611,0.03175650154114491
0.22203672787979967,0.08923673629760742,0.5643446445465088,0.09290356934070587,0.01175732258707285,0.03135542619867695
0.22370617696160267,0.08821344375610352,0.5620301961898804,0.09504061192274094,0.011863239109516144,0.03095834408801217
0.2253756260434057,0.08717834949493408,0.5597143173217773,0.097178153693676,0.011967027559876442,0.030565222612860456
0.2270450751252087,0.08613181114196777,0.557397723197937,0.09931566566228867,0.012068720534443855,0.03017609539396675
0.2287145242070117,0.08507382869720459,0.5550811290740967,0.10145290940999985,0.012168372049927711,0.02979095656399884
0.2303839732888147,0.08400475978851318,0.5527652502059937,0.10358957201242447,0.012266025878489017,0.029409807985601867
0.2320534223706177,0.08292460441589355,0.5504508018493652,0.10572537779808044,0.012361729517579079,0.02903266111404351
0.2337228714524207,0.08183348178863525,0.5481386184692383,0.10786011815071106,0.012455531395971775,0.028659522841110802
0.2353923205342237,0.08073151111602783,0.5458290576934814,0.10999347269535065,0.012547467835247517,0.02829037323650066
0.2370617696160267,0.07961881160736084,0.5435225963592529,0.11212517321109772,0.012637577019631863,0.0279252087611873
0.23873121869782973,0.07849550247192383,0.5412200689315796,0.1142551600933075,0.012725915759801865,0.027564020847003035
0.24040066777963273,0.0773615837097168,0.5389218330383301,0.11638306826353073,0.012812512926757336,0.02720680958708012
0.24207011686143573,0.0762174129486084,0.536628246307373,0.11850886046886444,0.012897413223981857,0.02685352869468659
0.24373956594323873,0.07506275177001953,0.5343400239944458,0.12063208967447281,0.012980647385120392,0.026504225108480217
0.24540901502504175,0.0738980770111084,0.5320571660995483,0.12275298684835434,0.013062267564237118,0.026158785579635926
0.24707846410684475,0.0727231502532959,0.5297807455062866,0.12487095594406128,0.013142296113073826,0.025817319259159456
0.24874791318864775,0.07153832912445068,0.527510404586792,0.12698611617088318,0.0132207740098238,0.02547969958031292
0.25041736227045075,0.0703437328338623,0.5252470970153809,0.12909823656082153,0.013297741301357746,0.025145971432844416
0.25208681135225375,0.06913900375366211,0.5229904651641846,0.13120736181735992,0.013373228721320629,0.02481603106741913
0.25375626043405675,0.0679248571395874,0.5207414627075195,0.13331304490566254,0.013447266072034836,0.024489953734901093
0.2554257095158598,0.06670093536376953,0.5185002088546753,0.13541536033153534,0.01351989060640335,0.024167678619926188
0.2570951585976628,0.0654674768447876,0.5162665843963623,0.13751405477523804,0.013591122813522816,0.023849162229730166
0.2587646076794658,0.0642247200012207,0.5140416622161865,0.1396092176437378,0.013661015778779984,0.023534427009187082
0.2604340567612688,0.06297242641448975,0.5118247270584106,0.14170071482658386,0.013729583472013474,0.023223363993555707
0.2621035058430718,0.06171095371246338,0.5096166133880615,0.14378829300403595,0.013796854764223099,0.022916028782793748
0.2637729549248748,0.06044018268585205,0.5074172019958496,0.14587204158306122,0.01386286597698927,0.022612335974621107
0.2654424040066778,0.059160470962524414,0.505226731300354,0.14795181155204773,0.013927638530731201,0.022312275510753984
0.2671118530884808,0.05787158012390137,0.5030453205108643,0.15002766251564026,0.013991206884384155,0.02201579207063144
0.2687813021702838,0.056574106216430664,0.5008736848831177,0.15209926664829254,0.014053595252335072,0.02172294637648535
0.27045075125208684,0.05526745319366455,0.49871107935905457,0.15416677296161652,0.014114824123680592,0.0214335935145231
0.27212020033388984,0.05395197868347168,0.4965583384037018,0.15623001754283905,0.014174926094710827,0.02114778303110565
0.27378964941569284,0.0526278018951416,0.49441495537757874,0.15828901529312134,0.014233916997909546,0.020865420583256203
0.27545909849749584,0.05129539966583252,0.4922815263271332,0.1603437215089798,0.014291830360889435,0.020586517439977903
0.27712854757929883,0.04995393753051758,0.4901582896709442,0.16239406168460846,0.014348691329360008,0.02031105776878699
0.27879799666110183,0.048604369163513184,0.4880445897579193,0.1644400656223297,0.01440451294183731,0.020038934560719635
0.28046744574290483,0.04724609851837158,0.4859410226345062,0.16648156940937042,0.014459321275353432,0.01977017575545308
0.28213689482470783,0.04587960243225098,0.4838477671146393,0.16851863265037537,0.014513140544295311,0.019504753040781055
0.2838063439065109,0.044504761695861816,0.4817645251750946,0.17055119574069977,0.014565988443791866,0.019242601503520113
0.2854757929883139,0.043121933937072754,0.4796914756298065,0.1725793182849884,0.014617891982197762,0.01898369022376077
0.2871452420701169,0.04173076152801514,0.4776289165019989,0.17460286617279053,0.014668866991996765,0.01872802460317396
0.2888146911519199,0.040331482887268066,0.4755764305591583,0.1766219288110733,0.014718933962285519,0.018475516538644127
0.2904841402337229,0.038924455642700195,0.47353431582450867,0.1786363273859024,0.014768106862902641,0.01822617739230668
0.2921535893155259,0.03750920295715332,0.4715025722980499,0.18064624071121216,0.014816414564847946,0.017979951377939403
0.2938230383973289,0.036086082458496094,0.46948114037513733,0.18265165388584137,0.014863871969282627,0.017736797237952236
0.29549248747913187,0.03465533256530762,0.4674701392650604,0.1846524029970169,0.014910493046045303,0.017496711805848424
0.2971619365609349,0.03321659564971924,0.4654693901538849,0.18664860725402832,0.014956297352910042,0.017259631658560648
0.2988313856427379,0.03177022933959961,0.46347907185554504,0.18864025175571442,0.015001303516328335,0.017025539100959976
0.3005008347245409,0.03031611442565918,0.4614991843700409,0.1906272917985916,0.015045525506138802,0.016794410570585273
0.3021702838063439,0.028854727745056152,0.45952966809272766,0.19260981678962708,0.015088985674083233,0.016566199408175553
0.3038397328881469,0.027385354042053223,0.457570344209671,0.19458772242069244,0.015131691470742226,0.016340867895166544
0.3055091819699499,0.025908946990966797,0.4556213915348053,0.1965610831975937,0.015173661522567272,0.016118397498239012
0.3071786310517529,0.024425029754638672,0.4536827504634857,0.19853001832962036,0.015214917249977589,0.015898739881751334
0.3088480801335559,0.022933602333068848,0.45175454020500183,0.20049422979354858,0.015255463309586048,0.015681906594103436
0.31051752921535897,0.021434903144836426,0.4498361647129059,0.20245417952537537,0.015295320190489292,0.015467771627350975
0.31218697829716197,0.019928932189941406,0.4479282796382904,0.20440950989723206,0.015334500931203365,0.015256401571058027
0.31385642737896496,0.01841568946838379,0.4460306465625763,0.20636031031608582,0.015373019501566887,0.01504774054587012
0.31552587646076796,0.016895532608032227,0.44414302706718445,0.208306685090065,0.015410887077450752,0.014841733696887611
0.31719532554257096,0.015367984771728516,0.44226548075675964,0.21024854481220245,0.015448114834725857,0.014638364539700927
0.31886477462437396,0.01383352279663086,0.4403979480266571,0.21218611299991608,0.015484722331166267,0.014437580920245892
0.32053422370617696,0.012291908264160156,0.4385404884815216,0.21411927044391632,0.015520721673965454,0.014239382652257987
0.32220367278797996,0.010743498802185059,0.43669310212135315,0.21604801714420319,0.015556121245026588,0.014043738350166451
0.32387312186978295,0.009188055992126465,0.4348554313182831,0.21797244250774384,0.015590931288897991,0.013850590458236174
0.325542570951586,0.007625699043273926,0.4330277740955353,0.2198924720287323,0.01562516577541828,0.013659947078973556
0.327212020033389,0.006056785583496094,0.4312097728252411,0.22180834412574768,0.01565883867442608,0.013471731750795213
0.328881469115192,0.004480838775634766,0.42940154671669006,0.22371985018253326,0.015691956505179405,0.013285953041868838
0.330550918196995,0.002898097038269043,0.42760297656059265,0.2256270945072174,0.015724528580904007,0.013102573140497897
0.332220367278798,0.0013089179992675781,0.4258140027523041,0.2275303304195404,0.015756577253341675,0.01292153616732792
0.333889816360601,-0.00028705596923828125,0.42403486371040344,0.2294291853904724,0.01578810252249241,0.012742882262361865
0.335559265442404,-0.0018897056579589844,0.42226484417915344,0.23132413625717163,0.015819115564227104,0.012566482809952186
0.337228714524207,-0.0034987926483154297,0.42050454020500183,0.2332146018743515,0.01584962010383606,0.012392427962124098
0.33889816360601005,-0.005114555358886719,0.4187535345554352,0.23510123789310455,0.015879638493061066,0.012220595529355822
0.34056761268781305,-0.00673675537109375,0.41701194643974304,0.2369837760925293,0.01590917631983757,0.012051006745802046
0.34223706176961605,-0.008365392684936523,0.4152795374393463,0.23886241018772125,0.01593824289739132,0.011883602006818001
0.34390651085141904,-0.010000348091125488,0.4135564863681793,0.2407369464635849,0.01596684381365776,0.011718399380061634
0.34557595993322204,-0.011641740798950195,0.4118424355983734,0.24260754883289337,0.01599498651921749,0.011555336653184962
0.34724540901502504,-0.013289690017700195,0.41013726592063904,0.2444743514060974,0.016022684052586555,0.01139436958836569
0.34891485809682804,-0.014943718910217285,0.4084411561489105,0.24633722007274628,0.016049940139055252,0.011235513924955327
0.35058430717863104,-0.016603946685791016,0.40675416588783264,0.2481962889432907,0.016076771542429924,0.011078742468334696
0.3522537562604341,-0.018270254135131836,0.40507593750953674,0.25005149841308594,0.016103176400065422,0.010924016754881472
0.3539232053422371,-0.01994311809539795,0.4034064710140228,0.2519030272960663,0.01612916961312294,0.010771303815776501
0.3555926544240401,-0.0216219425201416,0.40174564719200134,0.2537509500980377,0.016154756769537926,0.0106205731967716
0.3572621035058431,-0.023306965827941895,0.4000934660434723,0.25559505820274353,0.016179941594600677,0.01047182517726354
0.3589315525876461,-0.024997949600219727,0.39845016598701477,0.2574354410171509,0.01620473712682724,0.01032505938472329
0.3606010016694491,-0.02669501304626465,0.3968150317668915,0.25927236676216125,0.016229143366217613,0.01018017793714826
0.3622704507512521,-0.02839827537536621,0.3951885402202606,0.2611056864261627,0.01625317707657814,0.010037219111896268
0.3639398998330551,-0.03010737895965576,0.3935703933238983,0.2629355788230896,0.01627684012055397,0.009896126750216061
0.36560934891485813,-0.03182244300842285,0.39196041226387024,0.264761745929718,0.016300130635499954,0.009756902342223768
0.36727879799666113,-0.03354346752166748,0.3903588354587555,0.26658472418785095,0.016323072835803032,0.009619498297335811
0.36894824707846413,-0.03527021408081055,0.3887653648853302,0.26840415596961975,0.016345659270882607,0.009483916943858634
0.37061769616026713,-0.03700292110443115,0.3871799409389496,0.27022042870521545,0.016367904841899872,0.009350099887866808
0.3722871452420701,-0.0387415885925293,0.3856026232242584,0.27203330397605896,0.016389811411499977,0.009218065476415056
0.3739565943238731,-0.04048585891723633,0.3840329945087433,0.27384281158447266,0.016411375254392624,0.0090877584820747
0.3756260434056761,-0.04223597049713135,0.38247159123420715,0.2756492495536804,0.0164326261729002,0.008959190639510178
0.3772954924874791,-0.043991923332214355,0.3809179365634918,0.2774522304534912,0.016453545540571213,0.008832344253592578
0.3789649415692821,-0.04575347900390625,0.37937191128730774,0.27925240993499756,0.016474157571792603,0.008707132525057943
0.3806343906510852,-0.04752069711685181,0.3778335154056549,0.28104910254478455,0.016494445502758026,0.008583616828063944
0.3823038397328882,-0.049293696880340576,0.3763027489185333,0.2828430235385895,0.01651444099843502,0.008461712784785315
0.38397328881469117,-0.05107206106185913,0.37477949261665344,0.28463390469551086,0.01653413288295269,0.008341429987844573
0.38564273789649417,-0.052856266498565674,0.37326374650001526,0.2864218056201935,0.01655353233218193,0.00822274841380637
0.38731218697829717,-0.05464613437652588,0.371755450963974,0.28820666670799255,0.01657264120876789,0.008105660239561075
0.38898163606010017,-0.05644124746322632,0.3702543079853058,0.2899886667728424,0.01659146137535572,0.007990115359954175
0.39065108514190316,-0.05824214220046997,0.36876049637794495,0.2917678654193878,0.016610005870461464,0.007876113681853415
0.39232053422370616,-0.06004822254180908,0.36727407574653625,0.29354429244995117,0.01662828028202057,0.0077636448675782125
0.3939899833055092,-0.061859965324401855,0.36579450964927673,0.2953178286552429,0.01664627529680729,0.007652670826035274
0.3956594323873122,-0.06367725133895874,0.3643220365047455,0.2970886826515198,0.01666400581598282,0.00754317535221179
0.3973288814691152,-0.06549978256225586,0.36285659670829773,0.29885703325271606,0.016681481152772903,0.007435137677614351
0.3989983305509182,-0.06732791662216187,0.36139819025993347,0.30062225461006165,0.016698690131306648,0.007328597383452379
0.4006677796327212,-0.06916117668151855,0.35994651913642883,0.3023854196071625,0.016715656965970993,0.007223432187071827
0.4023372287145242,-0.0709998607635498,0.35850146412849426,0.30414584279060364,0.016732364892959595,0.0071196802726982535
0.4040066777963272,-0.07284396886825562,0.3570633828639984,0.30590376257896423,0.016748836264014244,0.007017340429612312
0.4056761268781302,-0.07469338178634644,0.35563185811042786,0.3076591193675995,0.016765059903264046,0.006916382110433556
0.40734557595993326,-0.07654786109924316,0.35420700907707214,0.3094121813774109,0.016781054437160492,0.006816776444162176
0.40901502504173626,-0.07840770483016968,0.35278865694999695,0.3111628592014313,0.016796814277768135,0.006718512534324039
0.41068447412353926,-0.0802728533744812,0.3513767421245575,0.31291112303733826,0.016812341287732124,0.006621580136370831
0.41235392320534225,-0.08214336633682251,0.349971204996109,0.3146571218967438,0.016827644780278206,0.006525950751831766
0.41402337228714525,-0.0840187668800354,0.34857216477394104,0.3164006769657135,0.01684272475540638,0.006431646173655093
0.41569282136894825,-0.0858994722366333,0.3471790850162506,0.31814253330230713,0.01685759238898754,0.006338550359048012
0.41736227045075125,-0.08778530359268188,0.34579238295555115,0.3198818266391754,0.016872238367795944,0.006246763797716326
0.41903171953255425,-0.08967632055282593,0.3444119393825531,0.32161909341812134,0.016886677592992783,0.006156222694063674
0.4207011686143573,-0.09157240390777588,0.34303757548332214,0.32335421442985535,0.016900908201932907,0.006066916244748194
0.4223706176961603,-0.09347355365753174,0.3416690528392792,0.3250874876976013,0.016914932057261467,0.005978795089673423
0.4240400667779633,-0.09537982940673828,0.34030666947364807,0.32681870460510254,0.01692875847220421,0.005891892197658505
0.4257095158597663,-0.09729111194610596,0.3389500081539154,0.3285478353500366,0.016942376270890236,0.005806171619652062
0.4273789649415693,-0.09920746088027954,0.3375995457172394,0.3302750885486603,0.01695580966770649,0.005721646394170138
0.4290484140233723,-0.10112887620925903,0.3362545669078827,0.33200034499168396,0.016969040036201477,0.005638264087751782
0.4307178631051753,-0.10305511951446533,0.3349153697490692,0.3337242305278778,0.01698209159076214,0.0055559869818327225
0.4323873121869783,-0.10498642921447754,0.3335820138454437,0.3354458808898926,0.01699494943022728,0.005474888557764096
0.4340567612687813,-0.10692274570465088,0.33225420117378235,0.3371660113334656,0.017007628455758095,0.005394879315446483
0.43572621035058434,-0.10886400938034058,0.33093181252479553,0.3388844430446625,0.017020121216773987,0.00531595916174763
0.43739565943238734,-0.11081016063690186,0.3296150863170624,0.3406011164188385,0.01703243888914585,0.00523814597806096
0.43906510851419034,-0.11276119947433472,0.32830390334129333,0.342316210269928,0.017044581472873688,0.00516140921700603
0.44073455759599334,-0.11471730470657349,0.3269979655742645,0.34402984380722046,0.017056552693247795,0.00508570817978633
0.44240400667779634,-0.11667805910110474,0.32569757103919983,0.3457418978214264,0.017068354412913322,0.005011074717633912
0.44407345575959933,-0.11864382028579712,0.32440224289894104,0.3474523723125458,0.017079981043934822,0.004937463475139393
0.44574290484140233,-0.12061434984207153,0.32311227917671204,0.3491613268852234,0.01709144562482834,0.004864886745760755
0.44741235392320533,-0.12258964776992798,0.3218275010585785,0.35086920857429504,0.01710275374352932,0.004793292189169307
0.4490818030050084,-0.12456977367401123,0.32054784893989563,0.3525753617286682,0.01711389236152172,0.004722720690426081
0.4507512520868114,-0.12655490636825562,0.31927332282066345,0.35428035259246826,0.017124878242611885,0.004653123075699123
0.4524207011686144,-0.12854456901550293,0.31800368428230286,0.35598427057266235,0.017135709524154663,0.0045844679594176764
0.4540901502504174,-0.13053900003433228,0.31673911213874817,0.35768675804138184,0.017146382480859756,0.004516792128823438
0.4557595993322204,-0.1325383186340332,0.31547966599464417,0.3593880236148834,0.01715691015124321,0.00445007900637458
0.4574290484140234,-0.1345422863960266,0.3142249286174774,0.36108818650245667,0.017167285084724426,0.004384283981719778
0.4590984974958264,-0.13655102252960205,0.312975138425827,0.3627871870994568,0.017177514731884003,0.0043194240049298895
0.4607679465776294,-0.13856452703475952,0.31172993779182434,0.3644852042198181,0.01718759723007679,0.0042554539999923036
0.4624373956594324,-0.1405826210975647,0.3104897439479828,0.3661820590496063,0.017197540029883385,0.004192412989322903
0.4641068447412354,-0.1426054835319519,0.3092539608478546,0.3678779900074005,0.01720733754336834,0.004130233731431787
0.4657762938230384,-0.14463287591934204,0.308023065328598,0.36957308650016785,0.0172170028090477,0.004068942210218795
0.4674457429048414,-0.14666491746902466,0.3067968189716339,0.37126708030700684,0.017226528376340866,0.004008538611948442
0.4691151919866444,-0.14870166778564453,0.3055749833583832,0.37296032905578613,0.01723591983318329,0.003948967522927538
0.4707846410684474,-0.15074318647384644,0.3043576180934906,0.37465277314186096,0.017245177179574966,0.003890237976985056
0.4724540901502504,-0.1527891755104065,0.3031449019908905,0.37634435296058655,0.017254307866096497,0.003832362174446724
0.4741235392320534,-0.15483981370925903,0.301936537027359,0.378035306930542,0.01726330816745758,0.0037752980195321696
0.47579298831385647,-0.1568949818611145,0.30073240399360657,0.37972554564476013,0.01727217808365822,0.003719036664676939
0.47746243739565947,-0.1589546799659729,0.2995329201221466,0.38141512870788574,0.017280930653214455,0.0036636008341518426
0.47913188647746247,-0.161018967628479,0.2983376085758209,0.38310399651527405,0.017289550974965096,0.0036089591423861204
0.48080133555926546,-0.16308802366256714,0.29714658856391907,0.3847922086715698,0.017298053950071335,0.003555108981676564
0.48247078464106846,-0.16516131162643433,0.29595980048179626,0.3864799737930298,0.017306435853242874,0.003502025951371718
0.48414023372287146,-0.16723942756652832,0.29477712512016296,0.38816720247268677,0.017314696684479713,0.0034497049291974226
0.48580968280467446,-0.1693219542503357,0.2935987412929535,0.3898540139198303,0.017322847619652748,0.003398147964063342
0.48747913188647746,-0.171409010887146,0.2924242913722992,0.39154061675071716,0.01733088307082653,0.0033473095142955767
0.48914858096828046,-0.1735004186630249,0.29125407338142395,0.39322635531425476,0.017338797450065613,0.0032972553312678957
0.4908180300500835,-0.17559629678726196,0.29008784890174866,0.39491215348243713,0.017346609383821487,0.0032478984294518343
0.4924874791318865,-0.17769688367843628,0.2889256179332733,0.3965974748134613,0.01735430769622326,0.0031992711257407217
0.4941569282136895,-0.17980176210403442,0.28776732087135315,0.3982824683189392,0.017361894249916077,0.0031513568425927344
0.4958263772954925,-0.1819111704826355,0.28661301732063293,0.3999672830104828,0.017369376495480537,0.003104147570633731
0.4974958263772955,-0.18402498960494995,0.28546252846717834,0.40165191888809204,0.017376752570271492,0.0030576225413702974
0.4991652754590985,-0.18614327907562256,0.2843158543109894,0.4033365845680237,0.01738402619957924,0.003011768623154132
0.5008347245409015,-0.18826597929000854,0.2831731140613556,0.4050208628177643,0.01739119552075863,0.0029666174809527715
0.5025041736227045,-0.19039320945739746,0.2820341885089874,0.4067051112651825,0.01739826612174511,0.002922134935227727
0.5041736227045075,-0.19252461194992065,0.28089889883995056,0.4083894193172455,0.017405234277248383,0.0028782959334017425
0.5058430717863105,-0.19466054439544678,0.2797674834728241,0.41007351875305176,0.017412103712558746,0.0028351335374262156
0.5075125208681135,-0.19680094718933105,0.27863964438438416,0.41175782680511475,0.01741887629032135,0.002792596524559543
0.5091819699499165,-0.19894570112228394,0.2775155007839203,0.41344204545021057,0.017425552010536194,0.002750709761114467
0.5108514190317196,-0.20109474658966064,0.27639487385749817,0.415126770734787,0.017432138323783875,0.0027094120591978467
0.5125208681135226,-0.20324814319610596,0.2752781808376312,0.4168112277984619,0.017438631504774094,0.002668790683734901
0.5141903171953256,-0.20540601015090942,0.27416476607322693,0.41849619150161743,0.017445033416152,0.0026287400227456795
0.5158597662771286,-0.20756810903549194,0.27305492758750916,0.4201810657978058,0.017451338469982147,0.002589320146536245
0.5175292153589316,-0.20973455905914307,0.2719487249851227,0.42186635732650757,0.01745755970478058,0.0025504935228068404
0.5191986644407346,-0.2119053602218628,0.2708459198474884,0.4235520362854004,0.017463695257902145,0.002512248975686571
0.5208681135225376,-0.21408051252365112,0.2697465717792511,0.4252379536628723,0.01746974140405655,0.00247459404888829
0.5225375626043406,-0.21626007556915283,0.2686507999897003,0.42692431807518005,0.017475709319114685,0.00243751952231851
0.5242070116861436,-0.21844381093978882,0.2675583064556122,0.4286109209060669,0.01748158596456051,0.002401020739364357
0.5258764607679466,-0.22063183784484863,0.2664690911769867,0.4302980303764343,0.017487376928329468,0.002365072833713089
0.5275459098497496,-0.22282421588897705,0.26538345217704773,0.4319855272769928,0.01749309152364731,0.0023297029999838847
0.5292153589315526,-0.22502094507217407,0.26430103182792664,0.4336734414100647,0.017498722299933434,0.002294883298499506
0.5308848080133556,-0.2272217869758606,0.26322200894355774,0.43536221981048584,0.017504282295703888,0.002260590818724617
0.5325542570951586,-0.22942715883255005,0.26214608550071716,0.43705135583877563,0.01750975288450718,0.0022268393442333224
0.5342237061769616,-0.23163658380508423,0.2610735595226288,0.4387410879135132,0.0175151526927948,0.0021936304582739984
0.5358931552587646,-0.23385024070739746,0.26000431180000305,0.4404316842556,0.01752048172056675,0.002160931750821049
0.5375626043405676,-0.2360682487487793,0.25893810391426086,0.4421226978302002,0.017525725066661835,0.002128761755193709
0.5392320534223707,-0.23829054832458496,0.2578752934932709,0.44381463527679443,0.017530906945466995,0.0020971010067501795
0.5409015025041737,-0.24051684141159058,0.2568155825138092,0.4455072581768036,0.017536012455821037,0.0020659484810356065
0.5425709515859767,-0.24274760484695435,0.2557591497898102,0.44720032811164856,0.01754104159772396,0.0020353306276111208
0.5442404006677797,-0.2449825406074524,0.2547056972980499,0.4488946795463562,0.01754600927233696,0.0020051625098579163
0.5459098497495827,-0.2472217082977295,0.2536552846431732,0.450589656829834,0.01755089871585369,0.0019754938604014784
0.5475792988313857,-0.24946510791778564,0.2526080906391144,0.45228543877601624,0.0175557229667902,0.0019463258899611537
0.5492487479131887,-0.25171273946762085,0.2515639364719391,0.453982412815094,0.017560487613081932,0.0019176138950533607
0.5509181969949917,-0.25396448373794556,0.25052282214164734,0.4556800425052643,0.017565177753567696,0.0018893940109939945
0.5525876460767947,-0.2562204599380493,0.2494848668575287,0.4573785364627838,0.017569802701473236,0.0018616599979218052
0.5542570951585977,-0.25848060846328735,0.2484498918056488,0.459078311920166,0.01757436990737915,0.0018343647309145173
0.5559265442404007,-0.2607450485229492,0.24741777777671814,0.46077898144721985,0.017578868195414543,0.0018075286990687724
0.5575959933222037,-0.2630135416984558,0.24638882279396057,0.4624808430671692,0.017583312466740608,0.0017811471526394396
0.5592654424040067,-0.26528632640838623,0.24536284804344177,0.46418362855911255,0.0175876934081316,0.0017552254932974522
0.5609348914858097,-0.2675632834434509,0.2443397343158722,0.46588754653930664,0.017592009156942368,0.0017297421143590787
0.5626043405676127,-0.2698443531990051,0.2433195412158966,0.46759283542633057,0.017596270889043808,0.0017046767129921927
0.5642737896494157,-0.27212947607040405,0.2423023283481598,0.4692988991737366,0.017600469291210175,0.0016800806982029126
0.5659432387312188,-0.27441900968551636,0.24128815531730652,0.4710064232349396,0.01760461926460266,0.001655903406043191
0.5676126878130218,-0.2767125368118286,0.24027666449546814,0.47271525859832764,0.017608705908060074,0.0016321318911292184
0.5692821368948248,-0.27901023626327515,0.23926827311515808,0.47442513704299927,0.017612742260098457,0.0016088115088703893
0.5709515859766278,-0.28131216764450073,0.23826268315315247,0.4761364459991455,0.017616724595427513,0.0015858904777315552
0.5726210350584308,-0.28361809253692627,0.23725995421409607,0.4778490960597992,0.01762065291404724,0.0015633798804513543
0.5742904841402338,-0.2859281897544861,0.23626020550727844,0.4795628488063812,0.01762452907860279,0.0015413030932264094
0.5759599332220368,-0.2882425785064697,0.23526307940483093,0.48127833008766174,0.01762835495173931,0.0015195888698797623
0.5776293823038398,-0.29056090116500854,0.23426887392997742,0.4829949140548706,0.017632124945521355,0.0014983032411819532
0.5792988313856428,-0.2928835153579712,0.23327752947807312,0.4847131371498108,0.017635852098464966,0.0014774011311203706
0.5809682804674458,-0.29521000385284424,0.2322889268398285,0.48643264174461365,0.0176395270973444,0.0014568962301368617
0.5826377295492488,-0.2975407838821411,0.23130324482917786,0.48815372586250305,0.01764315739274025,0.0014367820189734037
0.5843071786310517,-0.29987579584121704,0.2303203046321869,0.4898761510848999,0.01764673739671707,0.0014170581251009675
0.5859766277128547,-0.3022145628929138,0.22934022545814514,0.4916002154350281,0.01765027642250061,0.0013977145833680038
0.5876460767946577,-0.304557740688324,0.2283628284931183,0.49332576990127563,0.01765376701951027,0.0013787432912681142
0.5893155258764607,-0.30690503120422363,0.22738823294639587,0.49505287408828735,0.017657212913036346,0.0013601522581754401
0.5909849749582637,-0.30925631523132324,0.22641637921333313,0.49678170680999756,0.01766061782836914,0.0013419188529514181
0.5926544240400667,-0.3116116523742676,0.22544744610786438,0.49851179122924805,0.017663978040218353,0.0013240896417247795
0.5943238731218699,-0.31397122144699097,0.22448113560676575,0.5002439022064209,0.01766730099916458,0.001306590770615368
0.5959933222036728,-0.3163348436355591,0.223517507314682,0.5019775032997131,0.017670579254627228,0.0012894557672358477
0.5976627712854758,-0.3187023997306824,0.22255679965019226,0.5037128329277039,0.01767382211983204,0.0012726925478281138
0.5993322203672788,-0.3210741877555847,0.22159865498542786,0.5054499506950378,0.017677022144198418,0.001256265908398846
0.6010016694490818,-0.323449969291687,0.2206433117389679,0.5071885585784912,0.017680184915661812,0.0012402088177671856
0.6026711185308848,-0.32582998275756836,0.21969076991081238,0.5089290142059326,0.01768331229686737,0.0012245010662332635
0.6043405676126878,-0.3282138705253601,0.21874085068702698,0.5106711983680725,0.017686400562524796,0.0012091383697132364
0.6060100166944908,-0.3306019902229309,0.2177937924861908,0.5124151110649109,0.017689457163214684,0.0011941280856554437
0.6076794657762938,-0.3329940438270569,0.2168494164943695,0.5141608119010925,0.017692476511001587,0.0011794581999986732
0.6093489148580968,-0.3353901505470276,0.21590760350227356,0.5159085392951965,0.017695462331175804,0.00116510319450438
0.6110183639398998,-0.33779048919677734,0.21496877074241638,0.5176577568054199,0.017698416486382484,0.0011511244433302316
0.6126878130217028,-0.3401949405670166,0.21403244137763977,0.5194090604782104,0.01770133711397648,0.0011374544255895681
0.6143572621035058,-0.3426032066345215,0.21309879422187805,0.5211621522903442,0.017704222351312637,0.0011241159586854678
0.6160267111853088,-0.34501558542251587,0.21216806769371033,0.5229169726371765,0.017707083374261856,0.0011111303699048892
0.6176961602671118,-0.34743207693099976,0.21123990416526794,0.5246738791465759,0.017709912732243538,0.0010984499755320122
0.6193656093489148,-0.34985262155532837,0.21031454205513,0.5264323949813843,0.017712710425257683,0.0010861243219278062
0.6210350584307179,-0.3522772192955017,0.20939180254936218,0.5281931161880493,0.01771548204123974,0.0010740943632410517
0.6227045075125209,-0.3547058701515198,0.2084718644618988,0.5299557447433472,0.017718227580189705,0.0010623941858779573
0.6243739565943239,-0.3571385145187378,0.20755460858345032,0.5317201018333435,0.017720943316817284,0.0010510274219965754
0.6260434056761269,-0.35957521200180054,0.2066400945186615,0.5334863662719727,0.017723632976412773,0.001039986248487279
0.6277128547579299,-0.362015962600708,0.20572838187217712,0.5352548360824585,0.01772630400955677,0.0010292481273437627
0.6293823038397329,-0.3644607663154602,0.20481929183006287,0.5370250344276428,0.01772894337773323,0.001018838297407798
0.6310517529215359,-0.36690962314605713,0.20391282439231873,0.5387976169586182,0.0177315641194582,0.0010087078642442183
0.6327212020033389,-0.3693625330924988,0.20300933718681335,0.5405715107917786,0.017734158784151077,0.0009989505189040293
0.6343906510851419,-0.3718193769454956,0.20210841298103333,0.5423479080200195,0.017736734822392464,0.000989461673862102
0.6360601001669449,-0.37428027391433716,0.20121023058891296,0.5441261529922485,0.01773928664624691,0.0009802928312568127
0.6377295492487479,-0.37674516439437866,0.2003147304058075,0.5459065437316895,0.017741817981004715,0.000971422570668945
0.6393989983305509,-0.37921422719955444,0.19942215085029602,0.5476886630058289,0.017744332551956177,0.0009628888900595434
0.6410684474123539,-0.3816871643066406,0.19853225350379944,0.549472987651825,0.017746828496456146,0.0009546461546224516
0.6427378964941569,-0.3841642737388611,0.19764503836631775,0.5512595176696777,0.017749305814504623,0.0009466939918286399
0.6444073455759599,-0.3866453170776367,0.19676074385643005,0.5530475974082947,0.01775176264345646,0.0009390877222390404
0.6460767946577629,-0.38913029432296753,0.19587907195091248,0.5548381805419922,0.01775420643389225,0.0009317495804186727
0.6477462437395659,-0.39161938428878784,0.19500026106834412,0.5566306114196777,0.017756635323166847,0.0009247281814059316
0.649415692821369,-0.3941124677658081,0.19412419199943542,0.5584248900413513,0.017759045585989952,0.0009180215694234218
0.651085141903172,-0.39660948514938354,0.1932508647441864,0.5602215528488159,0.017761442810297012,0.0009115943542132854
0.652754590984975,-0.3991106152534485,0.19238033890724182,0.5620200634002686,0.017763826996088028,0.0009054785732721005
0.654424040066778,-0.4016156792640686,0.19151273369789124,0.5638204216957092,0.017766198143363,0.0008996867063223668
0.656093489148581,-0.404124915599823,0.19064787030220032,0.5656229257583618,0.017768556252121925,0.0008941836425030215
0.657762938230384,-0.40663808584213257,0.18978586792945862,0.5674275755882263,0.017770905047655106,0.0008889753422785418
0.659432387312187,-0.40915513038635254,0.1889266073703766,0.569234311580658,0.01777324266731739,0.0008840606880618385
0.66110183639399,-0.4116761088371277,0.18807026743888855,0.5710427761077881,0.01777556911110878,0.0008794735799946274
0.662771285475793,-0.41420137882232666,0.18721672892570496,0.5728535056114197,0.01777788996696472,0.0008751640991869092
0.664440734557596,-0.41673052310943604,0.18636605143547058,0.5746660232543945,0.01778019778430462,0.0008711700573352133
0.666110183639399,-0.41926348209381104,0.18551817536354065,0.5764809250831604,0.01778250001370907,0.0008674528976849506
0.667779632721202,-0.4218006730079651,0.18467333912849426,0.5782977342605591,0.017784802243113518,0.000864049966271363
0.669449081803005,-0.4243417978286743,0.18383124470710754,0.5801160931587219,0.017787085846066475,0.0008609658265750664
0.671118530884808,-0.4268868565559387,0.1829921305179596,0.5819368958473206,0.01778937317430973,0.0008581606179898671
0.672787979966611,-0.4294359087944031,0.1821558177471161,0.5837595462799072,0.01779164932668209,0.0008556588342994776
0.674457429048414,-0.4319888949394226,0.18132254481315613,0.5855840444564819,0.01779392547905445,0.0008534740728134871
0.6761268781302171,-0.43454599380493164,0.18049213290214539,0.587410569190979,0.017796197906136513,0.0008515833298643139
0.6777963272120201,-0.4371069669723511,0.1796647012233734,0.5892391204833984,0.017798468470573425,0.0008499920071228684
0.6794657762938231,-0.43967193365097046,0.1788402497768402,0.5910695791244507,0.017800739035010338,0.000848706810111699
0.6811352253756261,-0.44224095344543457,0.17801883816719055,0.5929018259048462,0.0178030077368021,0.0008477417086694251
0.6828046744574291,-0.4448140859603882,0.1772002875804901,0.5947359204292297,0.017805270850658417,0.0008470729540703937
0.6844741235392321,-0.4473907947540283,0.17638471722602844,0.5965721607208252,0.01780753955245018,0.0008466956103049595
0.6861435726210351,-0.44997167587280273,0.17557218670845032,0.5984102487564087,0.017809810116887093,0.0008466252304601186
0.6878130217028381,-0.45255643129348755,0.17476269602775574,0.6002499461174011,0.017812078818678856,0.0008468838868808892
0.6894824707846411,-0.45514535903930664,0.17395636439323425,0.6020914912223816,0.017814354971051216,0.0008474541638351263
0.6911519198664441,-0.45773810148239136,0.173152893781662,0.6039348244667053,0.017816629260778427,0.0008483239541293597
0.6928213689482471,-0.4603348970413208,0.1723526418209076,0.6057798862457275,0.017818909138441086,0.0008495198935892234
0.6944908180300501,-0.46293556690216064,0.17155537009239197,0.6076269745826721,0.017821194604039192,0.0008510090133955761
0.6961602671118531,-0.4655402898788452,0.17076125741004944,0.6094756722450256,0.017823485657572746,0.0008528186944321115
0.6978297161936561,-0.4681488871574402,0.16997024416923523,0.6113260984420776,0.017825784161686897,0.0008549457702020758
0.6994991652754591,-0.47076159715652466,0.16918227076530457,0.6131782531738281,0.017828086391091347,0.0008573850252990512
0.7011686143572621,-0.4733780026435852,0.16839757561683655,0.6150317192077637,0.017830394208431244,0.0008601679384260597
0.7028380634390651,-0.4759984612464905,0.16761597990989685,0.6168872117996216,0.017832715064287186,0.0008632475709253407
0.7045075125208682,-0.4786229133605957,0.16683760285377502,0.6187441349029541,0.017835043370723724,0.0008666608963031176
0.7061769616026712,-0.48125123977661133,0.16606232523918152,0.6206026673316956,0.01783737912774086,0.0008703922683401144
0.7078464106844742,-0.48388344049453735,0.16529026627540588,0.6224627494812012,0.017839724197983742,0.0008744499758072566
0.7095158597662772,-0.4865196943283081,0.16452154517173767,0.6243245601654053,0.017842089757323265,0.0008788271269174919
0.7111853088480802,-0.48915988206863403,0.16375604271888733,0.6261875033378601,0.017844460904598236,0.0008835587393996258
0.7128547579298832,-0.49180394411087036,0.16299375891685486,0.6280518174171448,0.017846839502453804,0.0008886187362215693
0.7145242070116862,-0.4944520592689514,0.16223475337028503,0.6299178600311279,0.017849236726760864,0.0008939992942736952
0.7161936560934892,-0.4971039295196533,0.16147908568382263,0.6317850947380066,0.01785164512693882,0.0008997263043235782
0.7178631051752922,-0.4997599124908447,0.16072669625282288,0.6336537003517151,0.01785406842827797,0.0009057906394099868
0.7195325542570952,-0.502419650554657,0.15997764468193054,0.6355236172676086,0.017856506630778313,0.0009121935102522683
0.7212020033388982,-0.5050835013389587,0.15923193097114563,0.6373948454856873,0.01785896345973015,0.0009189358481729971
0.7228714524207012,-0.5077509880065918,0.15848955512046814,0.6392671465873718,0.01786143146455288,0.0009260334856559416
0.7245409015025042,-0.5104225873947144,0.1577506959438324,0.6411408185958862,0.0178639218211174,0.000933473104788285
0.7262103505843072,-0.5130980014801025,0.1570151150226593,0.643015444278717,0.017866425216197968,0.000941269420466706
0.7278797996661102,-0.5157774686813354,0.15628305077552795,0.644891083240509,0.017868947237730026,0.0009494292313459995
0.7295492487479132,-0.5184606313705444,0.15555432438850403,0.6467679142951965,0.017871489748358727,0.0009579305582134046
0.7312186978297163,-0.5211477875709534,0.15482917428016663,0.6486457586288452,0.01787405274808407,0.000966797987984902
0.7328881469115193,-0.5238388776779175,0.15410742163658142,0.6505244970321655,0.017876634374260902,0.000976025932725022
0.7345575959933223,-0.5265337228775024,0.15338930487632751,0.6524040102958679,0.017879240214824677,0.0009856340433401002
0.7362270450751253,-0.5292326211929321,0.1526745855808258,0.6542847156524658,0.017881866544485092,0.0009955837630755472
0.7378964941569283,-0.5319352746009827,0.1519635021686554,0.6561657786369324,0.01788451336324215,0.001005935441634198
0.7395659432387313,-0.5346419215202332,0.15125581622123718,0.6580479145050049,0.017887182533740997,0.0010166332927938337
0.7412353923205343,-0.5373522639274597,0.15055182576179504,0.6599302291870117,0.017889870330691338,0.0010277466069540055
0.7429048414023373,-0.5400667190551758,0.1498514711856842,0.6618135571479797,0.017892589792609215,0.0010392188528344337
0.7445742904841403,-0.5427848696708679,0.1491546332836151,0.6636976599693298,0.017895331606268883,0.001051059716189895
0.7462437395659433,-0.5455068945884705,0.14846161007881165,0.6655817031860352,0.01789809949696064,0.0010633328994844927
0.7479131886477463,-0.5482327938079834,0.14777204394340515,0.6674666404724121,0.017900891602039337,0.00107595793644778
0.7495826377295493,-0.5509626269340515,0.14708629250526428,0.6693519353866577,0.017903711646795273,0.001088990240772947
0.7512520868113522,-0.5536962151527405,0.1464041769504547,0.6712375283241272,0.017906559631228447,0.0011024191953826425
0.7529215358931552,-0.5564336776733398,0.145725816488266,0.6731232404708862,0.01790943183004856,0.0011162618434799822
0.7545909849749582,-0.5591748356819153,0.14505121111869812,0.6750092506408691,0.017912333831191063,0.0011305065435327833
0.7562604340567612,-0.5619200468063354,0.1443803608417511,0.676895260810852,0.017915261909365654,0.0011451696868183593
0.7579298831385642,-0.5646688938140869,0.14371326565742493,0.6787817478179932,0.01791822537779808,0.0011602213778820647
0.7595993322203674,-0.5674217343330383,0.14304998517036438,0.6806679368019104,0.017921214923262596,0.0011757055751494328
0.7612687813021703,-0.5701783299446106,0.14239051938056946,0.6825540661811829,0.01792423240840435,0.001191615573097904
0.7629382303839733,-0.5729386806488037,0.14173492789268494,0.684440016746521,0.01792728342115879,0.0012079538862984408
0.7646076794657763,-0.5757029056549072,0.14108321070671082,0.6863256692886353,0.017930366098880768,0.001224725916421976
0.7662771285475793,-0.5784709453582764,0.14043530821800232,0.6882113814353943,0.01793348230421543,0.0012419100567847786
0.7679465776293823,-0.5812427997589111,0.13979139924049377,0.6900964975357056,0.01793663017451763,0.0012595509177381727
0.7696160267111853,-0.584018349647522,0.13915130496025085,0.6919814348220825,0.017939811572432518,0.0012776141334791546
0.7712854757929883,-0.5867976546287537,0.13851526379585266,0.6938654780387878,0.01794302463531494,0.0012961534413202802
0.7729549248747913,-0.589580774307251,0.1378830373287201,0.6957494616508484,0.0179462730884552,0.0013151018791684344
0.7746243739565943,-0.5923676490783691,0.13725492358207703,0.6976323127746582,0.017949555069208145,0.001334540565219866
0.7762938230383973,-0.5951583981513977,0.1366308629512787,0.6995143890380859,0.017952874302864075,0.0013544477065263296
0.7779632721202003,-0.5979528427124023,0.13601067662239075,0.7013960480690002,0.01795622706413269,0.0013747827905558287
0.7796327212020033,-0.6007510423660278,0.1353946030139923,0.703276515007019,0.01795961521565914,0.0013956058876144263
0.7813021702838063,-0.6035529375076294,0.13478264212608337,0.705156147480011,0.017963044345378876,0.001416898557515145
0.7829716193656093,-0.606358528137207,0.13417461514472961,0.707034707069397,0.017966505140066147,0.001438655957380597
0.7846410684474123,-0.6091680526733398,0.1335708200931549,0.7089118957519531,0.017970005050301552,0.0014609177615524606
0.7863105175292154,-0.6119810342788696,0.1329711377620697,0.7107878923416138,0.01797354221343994,0.0014836644122566802
0.7879799666110184,-0.6147978901863098,0.132375568151474,0.7126625776290894,0.017977118492126465,0.0015068958163609758
0.7896494156928214,-0.6176184415817261,0.13178417086601257,0.7145360708236694,0.01798073761165142,0.001530614767833083
0.7913188647746244,-0.6204427480697632,0.13119688630104065,0.716407835483551,0.017984388396143913,0.0015548396137277211
0.7929883138564274,-0.6232705116271973,0.13061383366584778,0.7182779908180237,0.017988082021474838,0.0015795720304255245
0.7946577629382304,-0.6261021494865417,0.13003501296043396,0.7201464772224426,0.017991814762353897,0.0016048156500845347
0.7963272120200334,-0.6289374828338623,0.12946036458015442,0.7220131158828735,0.01799558661878109,0.0016305737323337622
0.7979966611018364,-0.6317763924598694,0.1288900077342987,0.7238781452178955,0.017999403178691864,0.0016568395716506702
0.7996661101836394,-0.6346189975738525,0.12832394242286682,0.7257407903671265,0.018003256991505623,0.0016836541462285416
0.8013355592654424,-0.6374652981758118,0.127762109041214,0.7276015281677246,0.018007151782512665,0.0017109839284546902
0.8030050083472454,-0.640315055847168,0.12720456719398499,0.7294602990150452,0.01801108941435814,0.0017388371139677727
0.8046744574290484,-0.643168568611145,0.12665143609046936,0.7313165664672852,0.018015069887042046,0.001767249744951427
0.8063439065108514,-0.6460258364677429,0.126102477312088,0.7331706881523132,0.018019091337919235,0.0017961840097091232
0.8080133555926544,-0.6488865613937378,0.12555792927742004,0.7350220084190369,0.01802315190434456,0.0018256878713534541
0.8096828046744574,-0.6517508625984192,0.12501779198646545,0.7368708848953247,0.018027259036898613,0.0018557427965651852
0.8113522537562604,-0.6546187996864319,0.12448200583457947,0.7387171983718872,0.01803141087293625,0.0018863512999152676
0.8130217028380634,-0.6574903726577759,0.12395063042640686,0.7405605316162109,0.01803560182452202,0.0019175329391777685
0.8146911519198665,-0.6603653430938721,0.12342360615730286,0.7424011826515198,0.01803983747959137,0.0019492722543979603
0.8163606010016695,-0.6632440686225891,0.122901052236557,0.7442387342453003,0.018044115975499153,0.001981592994301473
0.8180300500834725,-0.6661263704299927,0.12238290905952454,0.7460731863975525,0.018048441037535667,0.00201449143359802
0.8196994991652755,-0.669012188911438,0.12186917662620544,0.7479045391082764,0.018052807077765465,0.002047966221869868
0.8213689482470785,-0.6719013452529907,0.12135997414588928,0.7497323751449585,0.018057217821478844,0.0020820477202329493
0.8230383973288815,-0.67479407787323,0.12085524201393127,0.7515571713447571,0.018061675131320953,0.0021167020285455473
0.8247078464106845,-0.6776905655860901,0.12035498023033142,0.7533780932426453,0.018066175282001495,0.00215197585263478
0.8263772954924875,-0.6805902123451233,0.1198592483997345,0.7551954984664917,0.018070721998810768,0.0021878481446104604
0.8280467445742905,-0.6834936141967773,0.1193680465221405,0.7570090293884277,0.018075307831168175,0.002224341489045023
0.8297161936560935,-0.6864004135131836,0.11888131499290466,0.7588188648223877,0.01807994395494461,0.0022614353968418268
0.8313856427378965,-0.6893107295036316,0.11839911341667175,0.7606247067451477,0.018084624782204628,0.0022991493326426807
0.8330550918196995,-0.6922242641448975,0.11792156100273132,0.7624263167381287,0.018089348450303078,0.0023375069986071085
0.8347245409015025,-0.695141613483429,0.11744847893714905,0.7642241716384888,0.018094120547175407,0.002376462666796697
0.8363939899833055,-0.6980620622634888,0.1169799268245697,0.7660174369812012,0.01809893362224102,0.0024160665354982184
0.8380634390651085,-0.7009860873222351,0.11651608347892761,0.7678060531616211,0.018103795126080513,0.0024563333196083504
0.8397328881469115,-0.7039134502410889,0.11605677008628845,0.7695904970169067,0.018108701333403587,0.002497223251653158
0.8414023372287146,-0.7068442702293396,0.11560192704200745,0.7713704109191895,0.018113652244210243,0.002538749928942241
0.8430717863105176,-0.7097784280776978,0.11515185236930847,0.7731451392173767,0.01811864785850048,0.0025809650864445977
0.8447412353923206,-0.7127158641815186,0.11470624804496765,0.774915337562561,0.01812368631362915,0.002623809911139652
0.8464106844741236,-0.7156568169593811,0.11426535248756409,0.7766802906990051,0.01812877133488655,0.0026673442870689514
0.8480801335559266,-0.7186011075973511,0.113829106092453,0.7784401774406433,0.018133902922272682,0.002711546607548765
0.8497495826377296,-0.7215484976768494,0.11339738965034485,0.7801952362060547,0.018139081075787544,0.0027563984323921153
0.8514190317195326,-0.7244994640350342,0.11297038197517395,0.7819445133209229,0.01814430207014084,0.0028019555478212225
0.8530884808013356,-0.7274537086486816,0.11254802346229553,0.7836886048316956,0.018149569630622864,0.002848185171281459
0.8547579298831386,-0.7304109930992126,0.11213025450706482,0.7854269742965698,0.018154876306653023,0.0028951124019162113
0.8564273789649416,-0.7333717346191406,0.11171725392341614,0.7871595025062561,0.01816023327410221,0.0029427474377076712
0.8580968280467446,-0.7363357543945312,0.11130866408348083,0.7888868451118469,0.018165631219744682,0.00299103374737556
0.8597662771285476,-0.7393030524253845,0.11090496182441711,0.7906076908111572,0.018171075731515884,0.0030400681884676373
0.8614357262103506,-0.7422733306884766,0.1105058491230011,0.79232257604599,0.01817656122148037,0.003089804101722915
0.8631051752921536,-0.7452470064163208,0.11011132597923279,0.7940316796302795,0.018182091414928436,0.0031402297990430817
0.8647746243739566,-0.7482238411903381,0.10972163081169128,0.7957341074943542,0.018187670037150383,0.0031914043728454968
0.8664440734557596,-0.7512037754058838,0.10933646559715271,0.7974305152893066,0.018193287774920464,0.003243276227859526
0.8681135225375626,-0.7541869878768921,0.10895594954490662,0.7991203665733337,0.018198946490883827,0.0032958741419527263
0.8697829716193657,-0.7571734189987183,0.10858026146888733,0.8008033037185669,0.01820465363562107,0.0033492318290023085
0.8714524207011687,-0.7601627707481384,0.10820910334587097,0.8024797439575195,0.0182103980332613,0.0034033024900488765
0.8731218697829717,-0.7631553411483765,0.10784265398979187,0.8041493892669678,0.018216188997030258,0.0034581134128438776
0.8747913188647747,-0.7661510705947876,0.10748085379600525,0.8058121204376221,0.0182220209389925,0.0035136666928631045
0.8764607679465777,-0.7691499590873718,0.10712364315986633,0.8074677586555481,0.018227891996502876,0.0035699644255823507
0.8781302170283807,-0.7721517086029053,0.10677120089530945,0.8091161251068115,0.018233805894851685,0.0036270274260611583
0.8797996661101837,-0.7751564979553223,0.10642334818840027,0.8107572793960571,0.018239758908748627,0.003684840374043175
0.8814691151919867,-0.7781645059585571,0.10608026385307312,0.8123910427093506,0.01824576035141945,0.0037434181241234655
0.8831385642737897,-0.781175434589386,0.1057417094707489,0.8140170574188232,0.01825179159641266,0.003802764448158458
0.8848080133555927,-0.7841894626617432,0.10540780425071716,0.8156359195709229,0.01825787127017975,0.0038628565287450733
0.8864774624373957,-0.7872064113616943,0.10507860779762268,0.817246675491333,0.018263984471559525,0.003923744051942668
0.8881469115191987,-0.7902262210845947,0.10475406050682068,0.8188496232032776,0.018270140513777733,0.003985405737030412
0.8898163606010017,-0.7932491302490234,0.10443410277366638,0.8204447031021118,0.018276333808898926,0.0040478436329179695
0.8914858096828047,-0.7962749004364014,0.10411879420280457,0.8220316171646118,0.018282566219568253,0.004111066959698828
0.8931552587646077,-0.7993035316467285,0.10380801558494568,0.8236103653907776,0.018288832157850266,0.004175074739484286
0.8948247078464107,-0.8023351430892944,0.10350194573402405,0.8251809477806091,0.01829514093697071,0.004239875773272672
0.8964941569282138,-0.8053697347640991,0.10320040583610535,0.8267431855201721,0.018301483243703842,0.004305460142478579
0.8981636060100168,-0.8084069490432739,0.10290351510047913,0.8282967209815979,0.018307862803339958,0.004371857835688886
0.8998330550918198,-0.811447262763977,0.10261127352714539,0.8298417329788208,0.018314281478524208,0.004439056512879492
0.9015025041736228,-0.8144901394844055,0.1023235023021698,0.8313782215118408,0.018320731818675995,0.004507045603539173
0.9031719532554258,-0.8175359964370728,0.10204026103019714,0.8329058289527893,0.018327215686440468,0.004575841033283956
0.9048414023372288,-0.8205845952033997,0.10176172852516174,0.8344242572784424,0.018333734944462776,0.004645474187684607
0.9065108514190318,-0.8236358165740967,0.10148760676383972,0.8359339833259583,0.01834028773009777,0.004715894635623708
0.9081803005008348,-0.8266899585723877,0.10121813416481018,0.8374343514442444,0.01834687776863575,0.004787149315759021
0.9098497495826378,-0.8297469019889832,0.10095307230949402,0.8389257788658142,0.018353493884205818,0.004859208006672999
0.9115191986644408,-0.8328063488006592,0.10069271922111511,0.8404076099395752,0.01836015284061432,0.004932109451384748
0.9131886477462438,-0.8358686566352844,0.10043671727180481,0.841880202293396,0.01836683414876461,0.005005822683418659
0.9148580968280468,-0.8389335870742798,0.10018530488014221,0.8433430194854736,0.018373548984527588,0.00508038383809063
0.9165275459098498,-0.84200119972229,0.099938303232193,0.8447964787483215,0.018380293622612953,0.005155759341221844
0.9181969949916527,-0.8450711965560913,0.0996958315372467,0.846240222454071,0.018387069925665855,0.005231972522442796
0.9198664440734557,-0.8481440544128418,0.09945771098136902,0.8476743698120117,0.018393874168395996,0.005309008294327778
0.9215358931552587,-0.8512194156646729,0.09922412037849426,0.8490985035896301,0.018400710076093674,0.00538689371179758
0.9232053422370617,-0.8542972803115845,0.09899494051933289,0.8505125641822815,0.01840757206082344,0.005465621417403865
0.9248747913188649,-0.8573780059814453,0.09877017140388489,0.8519166111946106,0.018414461985230446,0.005545191364580516
0.9265442404006679,-0.8604609966278076,0.0985497534275055,0.8533106446266174,0.01842137612402439,0.00562560052652914
0.9282136894824708,-0.86354660987854,0.09833383560180664,0.8546943068504333,0.018428320065140724,0.00570686799536253
0.9298831385642738,-0.8666345477104187,0.09812226891517639,0.8560673594474792,0.018435288220643997,0.005788997589503242
0.9315525876460768,-0.8697251081466675,0.09791499376296997,0.8574305176734924,0.01844228059053421,0.005871950239969271
0.9332220367278798,-0.8728180527687073,0.09771209955215454,0.8587830662727356,0.01844930090010166,0.00595576650585874
0.9348914858096828,-0.8759133815765381,0.09751355648040771,0.860124945640564,0.018456343561410904,0.006040443546637797
0.9365609348914858,-0.8790111541748047,0.09731930494308472,0.8614560961723328,0.018463408574461937,0.006125979034000007
0.9382303839732888,-0.8821114301681519,0.09712937474250793,0.8627766966819763,0.01847049966454506,0.006212367473142178
0.9398998330550918,-0.8852139711380005,0.0969436764717102,0.8640864491462708,0.018477607518434525,0.006299616314644907
0.9415692821368948,-0.8883187770843506,0.0967622697353363,0.8653853535652161,0.01848473958671093,0.006387728445608177
0.9432387312186978,-0.8914260864257812,0.09658512473106384,0.8666732311248779,0.018491894006729126,0.006476707777586799
0.9449081803005008,-0.8945356011390686,0.09641221165657043,0.8679501414299011,0.018499067053198814,0.006566546394338891
0.9465776293823038,-0.8976472020149231,0.09624353051185608,0.8692157864570618,0.018506258726119995,0.006657262456654656
0.9482470784641068,-0.9007613658905029,0.09607908129692078,0.8704704642295837,0.018513472750782967,0.006748837896876148
0.9499165275459098,-0.9038776159286499,0.09591871500015259,0.8717138171195984,0.018520701676607132,0.006841282167927499
0.9515859766277129,-0.9069960713386536,0.09576261043548584,0.87294602394104,0.018527952954173088,0.006934592475840995
0.9532554257095159,-0.9101167321205139,0.0956105887889862,0.8741668462753296,0.018535219132900238,0.007028771661150468
0.9549248747913189,-0.9132397174835205,0.09546270966529846,0.8753762245178223,0.01854250207543373,0.007123821959030108
0.9565943238731219,-0.9163646101951599,0.095319002866745,0.8765740394592285,0.018549801781773567,0.007219751425420185
0.9582637729549249,-0.919491708278656,0.09517943859100342,0.877760112285614,0.018557118251919746,0.007316569746075474
0.9599332220367279,-0.922620952129364,0.0950438380241394,0.8789348602294922,0.01856444589793682,0.007414237712315586
0.9616026711185309,-0.9257522821426392,0.09491240978240967,0.8800978064537048,0.01857179030776024,0.007512795976370901
0.9632721202003339,-0.9288856387138367,0.09478500485420227,0.881248950958252,0.01857914961874485,0.007612230568402801
0.9649415692821369,-0.9320210218429565,0.09466159343719482,0.8823885321617126,0.018586520105600357,0.007712527891101695
0.9666110183639399,-0.9351584911346436,0.09454232454299927,0.8835159540176392,0.018593907356262207,0.007813725430201214
0.9682804674457429,-0.9382979869842529,0.09442701935768127,0.8846315741539001,0.018601303920149803,0.00791579543228863
0.9699499165275459,-0.9414392113685608,0.0943155288696289,0.8857356309890747,0.018608711659908295,0.008018712611956047
0.9716193656093489,-0.9445825815200806,0.0942082405090332,0.8868271708488464,0.01861613243818283,0.008122550264290086
0.9732888146911519,-0.9477277994155884,0.09410479664802551,0.8879067301750183,0.018623562529683113,0.008227254139750773
0.9749582637729549,-0.950874924659729,0.094005286693573,0.888974666595459,0.01863100379705429,0.008332816741191384
0.9766277128547579,-0.9540240168571472,0.09390971064567566,0.8900301456451416,0.018638454377651215,0.008439273412303628
0.9782971619365609,-0.9571748971939087,0.09381818771362305,0.8910732269287109,0.018645917996764183,0.008546630998308425
0.979966611018364,-0.960327684879303,0.09373027086257935,0.8921047449111938,0.01865338534116745,0.008654817787367541
0.981636060100167,-0.963482141494751,0.09364649653434753,0.8931233286857605,0.01866086572408676,0.008763933524128699
0.98330550918197,-0.966638445854187,0.09356644749641418,0.8941298723220825,0.01866834983229637,0.008873908405964937
0.984974958263773,-0.9697965383529663,0.09349024295806885,0.8951241374015808,0.018675843253731728,0.008984760314269691
0.986644407345576,-0.9729563593864441,0.09341791272163391,0.8961061239242554,0.01868334412574768,0.009096491297952624
0.988313856427379,-0.9761179685592651,0.09334942698478699,0.8970752954483032,0.01869085058569908,0.00920912296369747
0.989983305509182,-0.9792811870574951,0.0932847261428833,0.8980323076248169,0.01869836635887623,0.00932261694101415
0.991652754590985,-0.9824460744857788,0.09322389960289001,0.8989765048027039,0.018705883994698524,0.009437013043942732
0.993322203672788,-0.985612690448761,0.09316664934158325,0.8999087810516357,0.018713410943746567,0.009552248594473945
0.994991652754591,-0.9887808561325073,0.09311330318450928,0.900827944278717,0.01872093975543976,0.009668399448831489
0.996661101836394,-0.9919507503509521,0.09306374192237854,0.9017347097396851,0.018728476017713547,0.009785424023462408
0.998330550918197,-0.9951220750808716,0.09301790595054626,0.9026287198066711,0.018736017867922783,0.009903331398761806
1.0,-0.9982950687408447,0.09297570586204529,0.903510570526123,0.01874356158077717,0.010022092144936323
